{"cameraMode":{"drawMode":0,"name":"Shaded","section":"Shading Mode"},"sceneLighting":false,"audioPlay":false,"sceneViewState":{"showFog":true,"showMaterialUpdate":false,"showSkybox":true,"showFlares":true,"showImageEffects":true,"showParticleSystems":true},"in2DMode":false,"pivot":{"x":0.0,"y":-18.000001907348634,"z":-3.000002861022949},"rotation":{"x":-0.7492085099220276,"y":0.004966846667230129,"z":-0.005619341041892767,"w":-0.6622918248176575},"size":1.6888437271118165,"orthographic":false}