{"cameraMode":{"drawMode":0,"name":"Shaded","section":"Shading Mode"},"sceneLighting":false,"audioPlay":false,"sceneViewState":{"showFog":true,"showMaterialUpdate":false,"showSkybox":true,"showFlares":true,"showImageEffects":true,"showParticleSystems":true},"in2DMode":false,"pivot":{"x":0.17015647888183595,"y":-20.000001907348634,"z":-4.000002861022949},"rotation":{"x":0.7361595630645752,"y":0.004060760606080294,"z":-0.004417147487401962,"w":0.6767814755439758},"size":6.332016944885254,"orthographic":false}